qso_name,source_id,ra,ra_error,dec,dec_error,parallax,parallax_error,parallax_over_error,pmra,pmra_error,pmdec,pmdec_error,pmra_pmdec_corr,astrometric_pseudo_colour,astrometric_pseudo_colour_error,phot_g_mean_mag,phot_bp_mean_mag,phot_rp_mean_mag
HE0047-1756,2369490546185699328,12.615931011167342,0.07638841152972192,-17.66921419755363,0.05822007383005522,0.09769778727259683,0.09257742044179541,1.055309,0.07639838598936065,0.15812938259060758,-0.006803240550360017,0.1096413017751152,0.30117676,1.6202920538191523,0.012361253744650405,16.563572,16.620966,15.937707
HE0047-1756,2369490546185041280,12.615998883651619,0.18938567082202526,-17.669605488730372,0.1404478681136169,-0.6824757591074294,0.23147738222213934,-2.9483476,-0.3305277264419079,0.4034086527973692,-0.11029188092122126,0.2654502440144879,0.30538195,1.6189173217865562,0.030294415187364976,18.164522,,
Q0142-100,2464353656357088512,26.319753525576928,0.3704131846156257,-9.75496700646374,0.28675394717555,-0.9397067461218805,0.451564329510299,-2.081003,-2.2242731165337624,0.91784093277633,-1.6649709385071636,0.481137760911605,0.10971305,1.4441809390562115,0.09190892511420914,18.988495,18.913712,18.06042
Q0142-100,2464353660650971520,26.319149007415707,0.08342013699698152,-9.754795834585083,0.0647284795499967,-0.044349049371868364,0.1009538597033603,-0.43930018,0.17622919952304408,0.20340697067042418,0.31933037474627285,0.11724023252579567,0.17587905,1.6532172321180687,0.02174204708785456,16.824093,17.006912,16.412447
QJ0158-4325,4956574748449686272,29.67264010804681,0.0788298328265627,-43.41768343089706,0.08576928611636095,-0.5341365390918963,0.11636463802216741,-4.590196,-0.9312962348064273,0.1527947208316252,2.14930506467827,0.17331753043302534,-0.24411063,1.6797755379206378,0.021639673836713138,17.603382,17.448757,16.989534
QJ0158-4325,4956574748451377408,29.672198127473315,0.2449366719733749,-43.41779364537643,0.35056018013216245,0.2066258171724196,0.3387619086721201,0.60994405,0.17551663180020408,0.4733081644410157,-0.16523492179833743,0.7518076975280246,-0.6855722,1.7086813292561047,0.057035213724271804,19.091948,,
B0218+357,328069053976561536,35.272890436404566,0.8568870745086619,35.93718400584067,0.7028671360116735,-1.421944498481668,0.9294628214728672,-1.5298562,-1.794487363689527,1.8550156274064988,-2.4174246075051116,1.5125088693196136,0.313543,1.1943554634195368,0.21692855286302232,19.982449,20.468323,18.755981
HE0230-2130,5126705515511054080,38.13832537061057,0.19889428282856547,-21.29067749449888,0.33685923793607725,0.1553081320232165,0.3857900376295089,0.40257165,0.34678857196549606,0.5596426681599019,-0.7950065880516104,0.7231864631240614,-0.049964584,1.7990224177021699,0.04732625307449902,19.035519,18.375504,17.738792
HE0230-2130,5126705515510051584,38.13811782065646,0.24979241102213684,-21.290749060257742,0.46263724404162754,-0.36283162592433793,0.5374027776607325,-0.6751577,0.5912455377191912,0.7183938685848276,0.9938263246574205,0.9856408336354753,-0.2071873,1.6839592199900428,0.05995551708814117,19.304102,,
HE0230-2130,5126705515510051712,38.13847486587235,0.444898323364389,-21.290240322751682,0.6378067597353112,-1.0351948518825476,0.7977594743803176,-1.2976278,-0.5492108975272092,0.9595263684718127,-4.363205871757628,1.1696906906563047,-0.08964563,1.6330557179354297,0.1121116972399874,20.065113,,
SDSS0246-0825,5174409201871203584,41.642115732826355,0.19256657058632348,-8.426722058742689,0.15501360075770684,1.6306046269406778,0.2399266270951508,6.7962637,0.5017107533566126,0.2994131936335432,0.14105153063239798,0.31343312937144086,0.25210702,1.5949786653323756,0.03858488065783166,16.817862,16.785036,16.409134
SDSS0246-0825,5174409201870689152,41.64186177779016,3.631343214497733,-8.426548596349267,7.333267787974865,,,,,,,,,,,18.781427,,
HE0435-1223,3178020716638059136,69.56160351804697,0.18016492334576636,-12.287481668821078,0.12935886455381046,-0.8463300989307619,0.26796680663662836,-3.1583393,-1.005962211068541,0.36640866502647934,0.1074569597432166,0.26412936282222144,-0.08084961,1.6403562003726893,0.04491854075993875,18.837265,18.59963,17.88006
HE0435-1223,3178020716638059264,69.56230465345834,0.11454069524253313,-12.28731415348148,0.09782007027198829,-0.04503759862879622,0.20501312665384439,-0.21968153,-0.04251615997557187,0.241919175870941,-0.11669623075011926,0.19305468100710038,0.09601392,1.6698063158590828,0.0338929972227506,18.575363,18.064249,17.633886
HE0435-1223,3178020716638059392,69.56203780094854,0.2818005675131205,-12.287762633632322,0.22980834515019433,0.28728289607314095,0.3177863002576129,0.90401286,1.4585736327124967,0.5866957301188294,1.1590337645611437,0.4731806777352421,0.56994355,1.7665389604524382,0.05602438503105667,19.301323,,
HE0435-1223,3178020716640423680,69.56188488232203,0.15337924988330054,-12.287160558538389,0.12486706150344955,0.06797714103815813,0.28852752727614656,0.23560019,-0.31657281333592824,0.31708470703249,0.20420117570397808,0.24357953231661916,0.035203867,1.60144428074613,0.04481154136062831,18.894201,,
HE0512-3329,4826116113266112768,78.54537804333266,0.21415763094042511,-33.43969372647485,0.1281320337252152,-0.2729385666905249,0.1636489509483646,-1.6678296,0.05478528369524409,0.394677917323958,-0.16811862419543783,0.2470865402959922,-0.24101073,1.5915626688571187,0.04132110518349262,18.1964,,
HE0512-3329,4826116113268202112,78.54543804405759,0.18183396603080662,-33.439521479336236,0.17858021365227494,-0.5577175965134706,0.2239440512433004,-2.4904327,-1.0102989042038308,0.36904455546131126,-0.3242481905468019,0.36073019018249003,-0.36024016,1.541905220247482,0.04993810065887903,17.908983,17.707201,16.71983
SDSS0746+4403,925907232900521472,116.7208228524933,0.4638936359469883,44.0643645785308,0.29923625797340714,-0.7043504054578348,0.5096611873598268,-1.3819973,-1.183599365804016,0.9154433675701417,-0.40408362283255006,0.5482626485031502,0.24371862,1.5726868584151836,0.09781767359731885,19.63756,19.209435,18.3595
SDSS0746+4403,925907232901783296,116.7211893141351,0.45117300977609814,44.06422022838289,0.28376599631594374,-0.1606340546326947,0.4914715457369693,-0.32684305,0.5001861242323157,0.8853899114048474,0.37496042995990553,0.5091103117040532,0.26131955,1.668721786346278,0.09065517283267797,19.5052,18.866547,18.280357
SDSS0806+2006,670520540382618496,121.59877695772131,0.32738948771170007,20.108884834762726,0.2111602608657307,0.6909678077170461,0.4003012336376242,1.7261196,-0.5149496273559306,0.6592623360498255,0.022328488067658324,0.46664125154122876,-0.397869,1.7618731531323462,0.06920679167634117,19.299053,19.21055,18.294935
SDSS0806+2006,670520540381514880,121.59838658229587,0.970989819465896,20.108694565722367,0.8999023417479326,-0.3191951870137331,0.9625931282025968,-0.33159927,2.5684484317163307,2.177502167962467,-1.174061565047983,2.055992612447923,-0.83263093,1.667022628494665,0.1619890294724578,20.05021,,
HS0810+2554,682614034415644032,123.38030267111606,0.6695244439759269,25.75086095081461,0.4691287353246671,,,,,,,,,,,16.100143,16.198185,15.172269
HS0810+2554,682614034415644160,123.38049319373614,54.29254765097994,25.751024680341615,36.36002251692111,,,,,,,,,,,18.963297,,
HS0818+1227,649514817411198976,125.41226020351374,0.2034639935984602,12.291665028357464,0.14281585967450905,0.11561652582004842,0.26301239982242247,0.43958583,0.5247513621714126,0.42959705111918517,0.461650668357622,0.2644035318634422,-0.3203724,1.6119155561082776,0.04174871655892458,18.580925,18.766735,18.020338
HS0818+1227,649514813118833792,125.41183307749863,3.030002092062932,12.292238253420111,2.34117244957808,,,,,,,,,,,20.677454,20.439898,18.857214
APM08279+5255,1028742871820206336,127.92378973466597,0.8179062336154214,52.75489453904009,1.1543624462539466,,,,,,,,,,,15.971572,16.68491,14.713055
SDSS0903+5028,1016218227493362816,135.89652205058286,0.4887672853874519,50.47228730815977,0.3812032755164369,-0.7869732125167818,0.6469473644118953,-1.2164409,0.030471339129681408,0.9239271834802736,-0.0966986213592956,0.8527633669945865,-0.030341169,1.3889637285891547,0.12324014612851085,20.074257,20.47415,18.852
SDSS0903+5028,1016218227494010240,135.89545922416593,2.8585351665072687,50.47188029167807,2.5051754329561606,,,,,,,,,,,20.91056,,
RXJ0911+0551,580537092879166848,137.86513579392255,0.516880794452126,5.848409993696288,0.5056598219693468,3.291522893404061,0.7162502395914143,4.595493,-7.759507106383872,1.026163925723045,-6.902547998492765,0.8691802448176674,-0.15953054,1.835193825936498,0.14901076048998743,18.783163,18.387457,17.802687
RXJ0911+0551,580537092879166720,137.8650625206142,48.451302450448296,5.848566143095022,21.752806481754607,,,,,,,,,,,19.76701,,
RXJ0911+0551,580537088586198656,137.86423190909804,0.646352921682018,5.848517233516062,0.4200301454467207,0.6707204743765606,0.6190329999574723,1.0834972,0.6240093541761457,1.3422832344644549,-0.5999428193990424,0.852334971116814,0.32074264,1.8335345731306443,0.16386035309463595,19.892673,19.812925,19.191841
SBS0909+523,1022663637669586176,138.2541767668402,0.15502056968766859,52.991386512228985,0.21362775247921872,0.21579477593370255,0.23846720854069386,0.90492433,-0.03400176958887213,0.29112454568625695,-3.4171845342489036,0.4659208204718832,-0.28230414,1.6051893060309126,0.03987025678758906,16.41671,16.445105,15.5515175
SBS0909+523,1022663637670776192,138.2546321106608,0.07550390847067776,52.991248358340165,0.1353024599150086,-0.046445817536499484,0.13609558921874715,-0.3412735,-0.16785216926284327,0.14723915220280404,0.7704789851509476,0.24915934261775846,-0.16797574,1.5416750007390543,0.024652527205710616,17.013699,16.71756,15.763869
RXJ0921+4529,818802426555148928,140.30346078848737,0.1546459996487653,45.48443986991872,0.14154320905888024,0.09795036466743892,0.23759324475162785,0.41226074,0.2891618676978265,0.33264876268046517,-0.03375488023616483,0.3945550306161168,-0.3885412,1.5990362993496767,0.03994199412011865,18.627987,18.812855,18.126833
SDSS0924+0219,3844748070752040576,141.23256103404597,0.2184700571513129,2.3237136831121905,0.20477008516552403,-0.07230007099170808,0.26591856159794325,-0.27188802,-0.35550371677572745,0.40157510241067246,0.6546468951166362,0.402066011684809,-0.3103912,1.6749320268531764,0.05613985589212555,18.381115,18.310507,17.607645
SDSS0924+0219,3844748075046370688,141.2325790119531,0.5972280749491271,2.3232116866320704,0.6245834681022551,1.0921074883583912,0.758194247700016,1.440406,-1.461395471798498,1.2284494658715448,-0.015200108087256269,1.283086930424985,-0.32368493,1.849764882536779,0.17446581576499293,19.945305,,
FBQ0951+2635,646884373278812544,147.8440394402732,0.35757780321142446,26.587233044361792,0.33347465528470105,1.0700298025539543,0.4500851774794971,2.377394,1.7582408452448481,0.6155768101257232,-1.2343362222779117,0.5314824946307004,-0.6222616,1.6121600561681322,0.05935648222617378,17.453747,17.44735,16.849447
FBQ0951+2635,646884373278373376,147.84431739542083,1.0123361763415002,26.587055858244906,0.4930980574305447,,,,,,,,,1.821857161257164,0.16127854398934816,19.114208,,
BRI0952-0115,3832692028832113024,148.75042774083335,1.2598864682401794,-1.5018229695162326,0.9013770841870753,-2.910062704689927,1.5694726306316045,-1.8541659,-1.0605812672860169,1.0073551165197856,-0.8633846391795169,1.1615349955957703,-0.27753845,1.6211025335397147,0.18370842792283498,19.67981,20.703264,18.291706
Q0957+561,1045166002126206720,150.3368233714326,0.048849997472224835,55.89709503101703,0.05174566530544343,0.06401148181034536,0.07719009059575437,0.8292707,0.08979848266028626,0.10111481616474735,-0.11920235205543214,0.10962193899873066,-0.06749845,1.6935942283588679,0.01384763865936082,16.8485,16.943405,16.367607
SDSS1001+5027,827031141513223936,150.36920716541647,0.07654816456149893,50.465800358845904,0.11572963609796964,-0.032073291452819765,0.12764204813502225,-0.25127527,-0.2835802543691307,0.1653752381565366,-0.022633234355323054,0.24423510420052372,-0.12885089,1.5868933437782886,0.02403680647506218,17.616686,17.773188,17.133728
SDSS1001+5027,827031897427468160,150.3681211756699,0.09386682421353691,50.46622857140866,0.13923808439190327,-0.35020332962515344,0.14792817855128493,-2.3673875,-0.35703633990306227,0.19673000926171133,0.8278515132866895,0.28826061843488604,-0.11715688,1.5757289670370689,0.028570129518880168,17.973177,18.24421,17.295755
SDSS1004+4112,806853178999388928,151.14503143566589,0.24711461787374991,41.210897932341894,0.3646082799353026,-0.3573911003392912,0.4660485801567285,-0.76685375,0.16054783751783697,0.5174473437122676,0.13842021483771683,0.6858620246129881,-0.6450247,1.5523473174582902,0.052347021446100775,19.207058,19.305538,18.608147
SDSS1004+4112,806853174703246208,151.14551708800565,0.25958316301796913,41.211878925342965,0.3323051188023608,0.702966870285391,0.5701217845997116,1.2330117,0.358594402057694,0.7366234953014491,-0.4577633597124572,1.092564257660614,-0.70962787,1.5960844447139755,0.061333340477813976,19.222275,19.220749,18.745613
LBQS1009-0252,3828696197422634112,153.0662826232801,0.19783552023737894,-3.1173503498437283,0.17809177832809944,-0.32287636603800685,0.23855018392915378,-1.3534945,0.25869486184114115,0.33710736756222337,0.16732923461003385,0.29994480674254587,-0.13765046,1.5921456499455982,0.056383224796353965,18.203823,18.383953,17.694157
LBQS1009-0252,3828696197419013248,153.06508703169808,0.43133805731799624,-3.1168988115133165,0.5214702269646905,-0.42245144257089007,0.49782129268111636,-0.84860057,-0.5137361011960334,0.7978894311262197,-0.7547898706434429,0.8948675998462671,-0.035996772,1.651839157851384,0.125369727324055,19.315813,19.52568,19.029305
LBQS1009-0252,3828696197418841344,153.06609621918096,0.9398934119777581,-3.117734837055801,1.2058989333182955,,,,,,,,,,,20.408363,,
Q1017-207,5668105247186154624,154.34990233780994,0.09095177877183236,-20.782922587564194,0.09457639849996644,-0.27822664806668734,0.11039635664738165,-2.520252,-0.4234751630163608,0.1597090393301823,0.1163584923874733,0.16468773466669087,-0.15034223,1.664274357938475,0.025811911229765318,16.980314,16.993145,16.477734
Q1017-207,5668105247185418752,154.3496507413964,0.5324463258580082,-20.782915193614482,0.844667883330304,,,,,,,,,1.8513340853223044,0.11470294406518944,18.806864,,
SDSS1021+4913,846839461962117760,155.295635774156,2.563053397382613,49.2252526290373,3.555669087389467,,,,,,,,,,,20.906324,,
SDSS1021+4913,846839457666932736,155.2959989987945,0.20420133059549894,49.22503649712022,0.2690063702722111,-0.4394881518169664,0.3964805758150433,-1.1084733,-1.023326624779925,0.5135297413622045,2.8197966680960764,0.5784049517026313,-0.2905598,1.5048601215547652,0.06168529376029836,19.405832,19.298931,18.411077
B1030+074,3862737562746164992,158.39176814604878,0.6442691323283436,7.190596449912095,0.8076315137652444,,,,,,,,,,,19.628578,19.602201,18.75285
HE1104-1805,3552950878881101568,166.63995139913317,0.11873664973026726,-18.356989589370926,0.13126551282823024,-0.09383410549311468,0.1773525436737906,-0.52908236,0.2668363985968232,0.34777782946753627,0.3447454980682645,0.29427224771868343,-0.23333247,1.6483948526677714,0.028819763440124834,18.199234,18.314253,17.807148
HE1104-1805,3552950883176150016,166.63910191410676,0.0573514860001959,-18.356618781887313,0.06113508400827173,-0.049367432353179024,0.08573280734443002,-0.57582897,-0.10944495644912777,0.1609874138321949,0.31201118929315735,0.1312646239040142,-0.13720784,1.6592076732850058,0.014570862590294203,17.065937,17.254967,16.604069
PG1115+080,3817878828362669568,169.5706280557917,24.480528346687652,7.766125062433358,2.9684276733109938,,,,,,,,,,,17.170164,16.552494,15.925818
PG1115+080,3817878828361980544,169.57066712476234,0.32432388057869027,7.766250271192906,0.31937928788342845,0.7446730015796343,0.32896139111985406,2.2637093,-2.138326453317827,0.6621902664323244,-1.5594158901642006,0.4801370418483459,-0.33729035,1.6453524180855201,0.053585874875667405,17.150152,16.540516,15.920815
PG1115+080,3817878828361980160,169.57015797740183,0.43707313750894816,7.766143410058355,0.28820938517219497,0.22314012227726657,0.694082097008949,0.3214895,-0.2764482154738277,0.6203557362531334,-0.7790382747595316,0.6183650072742263,-0.30653173,1.5726050291883977,0.08751743099631647,18.941341,,
PG1115+080,3817878828361980288,169.5702541359625,0.3157230916549146,7.76668844842734,0.18722446491634967,0.40470452760311665,0.33266984784317016,1.2165351,0.1509397912880283,0.4436100258861104,-0.008645491822685685,0.33019926371638075,-0.09879846,1.6618769245727898,0.05880518417359198,18.583698,18.503767,17.898876
RXJ1131-1231,3586098508760213248,172.96493514624163,0.2090610593836595,-12.532693495966909,0.12750400875643506,-0.2292444727151186,0.24693595599818752,-0.928356,-0.0919264513187862,0.6854380785829527,-0.38071062362168423,0.27981791771860326,0.15694733,1.7143524329406037,0.037789719002765794,18.363935,,
RXJ1131-1231,3586098513053631232,172.96492693884414,0.13899900936947668,-12.533023242089843,0.0956765230015768,0.1625209932899248,0.1683713408517192,0.9652533,-0.06500921732797624,0.3560677065896749,-0.05133552436014597,0.20278628832907272,-0.0016266218,1.7649794980661702,0.02808808288829091,17.877342,17.112965,16.572315
RXJ1131-1231,3586098513051815680,172.96404170566072,1.565728069271986,-12.532780209977707,0.7744055131686025,-4.491188346871676,2.112232270931772,-2.1262758,-4.780221560191024,2.860233536103257,1.6737261366007092,1.5901320883368755,0.10753939,1.8917315294740533,0.24820482885132059,19.991058,,
RXJ1131-1231,3586098513051815808,172.96475942625005,0.330845116104726,-12.533334044114984,0.2113714613412215,-0.33934381804725366,0.3896040962502679,-0.87099653,-0.256434935274752,0.8694936798633853,-0.6731407422435407,0.4503104127109723,0.1073081,1.8030149109057187,0.06293748274274119,19.018898,,
SDSS1138+0314,3800591477621812096,174.51563277165042,1.9150482326972469,3.249342339624494,0.8549406979663001,-25.13557813228081,2.157953903864767,-11.647876,3.8195804198761363,1.7519679292244263,-13.160761646080756,1.554550314193369,-0.27337646,2.1689603527386914,0.19757421468823352,19.683443,19.046856,18.4332
SDSS1155+6346,863270765593191424,178.8223854631388,1.0626669022272428,63.77280546935194,1.309258702846943,,,,,,,,,,,19.100462,,
SDSS1155+6346,863270765591421184,178.82119763038912,0.18680042859008866,63.77269192413418,0.1840835579001978,-0.13670872510792167,0.2470379929465231,-0.5533915,-0.3042691367717549,0.4181240406786521,0.20299987586694146,0.41174246966288075,0.35434055,1.585785791232441,0.04764699281822618,18.80331,18.577085,17.547647
B1152+200,3975233510826944640,178.82623187872701,0.11552520235673479,19.661730091641683,0.07651414401163904,-0.25737576501895837,0.14886053437351449,-1.7289724,-0.2661261843679031,0.2233854930414407,0.22969712371444193,0.15993885243422634,-0.15251024,1.6683575446468044,0.024861195744314418,17.464056,17.550173,17.00027
SDSS1206+4332,1537658352791579776,181.6235804372212,0.1992710330326193,43.539059094402035,0.16194750723330611,0.03690261738779267,0.28766210926306857,0.12828459,-0.09834571575692853,0.2920223463051425,-0.5966861000723122,0.28369701038092415,0.14551124,1.7131778552675285,0.04599801017507992,18.867971,18.925924,18.311754
SDSS1206+4332,1537658249711963904,181.62357181413327,0.1946983831258708,43.53821774243154,0.1471554171995709,0.5115407541798894,0.2764012925440241,1.8507177,0.16979418392632392,0.28125212263345795,-0.10608201240894846,0.2571793277945482,0.1530587,1.641526035263483,0.04343195657416818,18.844357,18.989126,18.280117
Q1208+101,3906330450008897408,182.73764299302746,0.20675134709281281,9.907514491846698,0.1263627560568934,2.158449410869412,0.27669859013783754,7.8007245,-3.3380769515289943,0.49241886546570646,-1.7079940441683183,0.262236165920124,-0.35984686,1.6137678805831535,0.03330455378381959,17.721266,18.097853,16.899765
SDSS1226-0006,3696663890513882496,186.53374736968954,0.4881056994935776,-0.10065182950595246,0.41368348186684717,,,,,,,,,,,19.240797,,
SDSS1226-0006,3696663890512658048,186.5333982049792,0.18394319434990816,-0.10063674332848005,0.1253980414935452,-0.11379236984176425,0.22903245890605334,-0.4968395,1.4244212564965135,0.5303882045667278,-2.723204141156624,0.2961543020108789,-0.32892,1.6570180952520972,0.0287533360907527,18.186762,18.13666,17.442072
SDSS1332+0347,3712919517094042752,203.0945134669444,0.6935944770945955,3.7943287398867827,0.39047176680840023,0.5194277346129254,0.7851027427155806,0.66160476,-2.229823554009805,1.2473276242143507,0.17970566921795844,0.6823565896864803,0.06943091,1.8544843675425366,0.1400274526611641,19.762384,19.308851,18.109516
SDSS1332+0347,3712919517094734592,203.0942342526801,1.14848478732722,3.794467021667691,0.7866436047019214,-1.3434225695836297,1.3617931024869363,-0.98651004,2.7630162098393165,2.4444954164529116,2.9359971124624886,1.3809837751526812,-0.19369121,1.6146237599485331,0.24684216780860446,19.814281,19.339243,17.976654
LBQS1333+0113,3711531005707407104,203.89495115660034,0.17708830677618032,1.3015365795332428,0.1417455213840613,0.19750430745401112,0.23306483504600745,0.8474222,-0.008849865385951238,0.4134886379598124,-0.18880220174736545,0.2440093893880678,-0.29040036,1.5673368635097593,0.04291223848459713,18.07521,18.264431,17.370115
LBQS1333+0113,3711531001413614464,203.89525051934962,0.8408074654395737,1.3011991800883944,0.5233248825639396,,,,,,,,,,,19.321611,,
SDSS1353+1138,3727266494569190016,208.2764687390437,0.09156334512908655,11.634697313943173,0.06052421023134467,-0.1337929086255048,0.09499500546576779,-1.4084204,0.2710973827595939,0.17689031699320404,-0.027772281275717747,0.12706661197754843,-0.027139632,1.6370098510529647,0.02120428802503692,16.868763,16.686913,16.075752
SDSS1353+1138,3727266494569672576,208.27639982977738,0.1488893904048768,11.634316889065564,0.09868762451632032,0.1039735986809753,0.15344452037690984,0.67759734,-0.7874876492351406,0.2886204174342613,-0.27388199665130236,0.2096828352669745,-0.034659956,1.6302891037752534,0.03509435748496872,17.637403,,
Q1355-2257,6287286424275245568,208.93101192585124,0.3078222253055042,-22.956458123685895,0.25205417872707314,-2.135318213073563,0.3447600233308412,-6.1936364,-0.5140407283667068,0.6442929669579154,1.8852795605232353,0.47074317708670205,-0.21666865,1.7078868249372348,0.06894427367297845,17.133781,17.214382,16.591108
Q1355-2257,6287286424274418176,208.93065272653212,17.070899353930464,-22.956546790659843,32.5064108932287,,,,,,,,,,,18.747961,,
SDSS1406+6126,1661333963305005184,211.60348847640327,0.40646465967806683,61.44473064728336,0.3220121197065002,0.13055245270901605,0.41060036852908227,0.31795502,-0.6082347867905682,0.8814597577579181,1.385392535943875,0.6697283742637407,-0.2540148,1.7904944164218028,0.10116453018336632,20.001093,19.584982,18.564684
SDSS1406+6126,1661333967598632576,211.6025322881488,1.082080451260997,61.444421035296344,0.8905660902874447,0.359295490060791,1.0648696805303837,0.33740795,0.9099135244503049,1.762239845886137,-6.459652932582475,1.963040723473582,0.068227954,1.6134302553301514,0.25175711802175865,20.291069,19.58288,18.39362
H1413+117,1225461582386571008,213.94261368055763,1.7338745907052782,11.495307795134082,1.642053277296787,,,,,,,,,,,17.34216,16.705626,15.976656
H1413+117,1225461582386033536,213.9425553351728,9.630589813650193,11.49554421221015,4.04948922713494,,,,,,,,,,,17.591759,,
H1413+117,1225461582386033792,213.94281630572488,1.4808966244178263,11.49537124844718,1.7925563783450984,,,,,,,,,,,17.444296,17.011967,16.164963
B1422+231,1254357435158834816,216.15899268510418,58.42025507752767,22.93326929457327,34.38903121230534,,,,,,,,,,,19.710966,,
B1422+231,1254357435158834560,216.15860664841153,0.08772298281315324,22.933283726609883,0.11205946430194773,0.1672897225231398,0.10632766479522271,1.5733415,-0.0052591600235930595,0.22160233869915252,-0.04771197718480745,0.2605530945716093,-0.44913206,1.576145408825235,0.018380554472298603,16.897732,,
B1422+231,1254357435158834688,216.15882701470565,0.549660252192945,22.933575497203844,0.6103766675276533,,,,,,,,,,,16.255455,15.986991,14.962236
B1422+231,1254357435159465088,216.15870787478744,0.9361233149235443,22.93349211807583,1.274525232149071,,,,,,,,,,,16.678328,,
SBS1520+530,1599341749678260864,230.4355317672309,0.2849250023599993,52.91371039106198,0.347829776017285,0.024548945271392595,0.34420361424824886,0.071320996,-4.10256401981752,0.5880523389413285,-6.273804939970201,0.8271144722486831,0.06577608,1.6682856305628178,0.08847347026386879,19.699139,19.732574,19.018978
SBS1520+530,1599341749678260608,230.43738738744963,0.272193491495674,52.91331015981853,0.29984250583776295,-0.4953422347092917,0.30568941844607495,-1.6204102,-1.3690472832525573,0.5729199622312721,1.7951526746758057,0.7801718805008477,2.0239802E-4,1.7987233785428418,0.07996736578880619,19.620573,,
SBS1520+530,1599341749678260224,230.4383007517089,0.44582587853187483,52.91270105224442,0.5136709197368752,0.7616014149155585,0.5103023719413128,1.4924513,1.4361094965561212,0.9444045262213463,-8.862098443660853,1.3126967912544272,-0.04361158,1.2297938079433506,0.13404521862193625,20.372414,20.562145,19.18431
SBS1520+530,1599341745383363328,230.43672996408708,0.11936600903754314,52.91349133217199,0.12967964596496387,0.0794230393654218,0.1332814497624093,0.59590465,-0.4448508683752972,0.2489152228548524,0.393859064937895,0.3227076404929754,0.06520746,1.6610115692868117,0.0341733544471136,18.372242,18.393423,17.799389
MG1549+3047,1321201209482832768,237.3013792527438,2.121602796114736,30.78790954659924,2.4844288981632707,,,,,,,,,,,19.250284,18.514118,17.040178
FBQ1633+3134,1324266274238816256,248.45407305301407,0.07758909925156345,31.570003314037617,0.08112454320595693,-0.09620507429435741,0.10205778127750532,-0.942653,0.4564566526718593,0.17740847058845063,0.6812491082578591,0.19885820210442665,0.27473363,1.6830404508439822,0.01974544791531732,17.421446,17.427477,16.814365
FBQ1633+3134,1324266274240202240,248.45424358437637,0.3684243769615875,31.56989125724889,0.8478019957733582,,,,,,,,,,,19.12302,,
SDSS1650+4251,1356637374029266176,252.68110564324334,0.45433280510523766,42.863392884742524,0.3647527021554081,0.4335990673629465,0.5014013365111235,0.86477447,-0.03568758836883065,0.8046380700685607,-0.6842009637172248,0.8592258861714527,0.55723864,1.737809786286959,0.10911781065757808,19.528582,,
SDSS1650+4251,1356637374030072832,252.6810232803265,0.13496690587519802,42.863715328688606,0.1501499468514322,0.9093296042038781,0.16839603573487594,5.3999467,0.23174270113021117,0.27522667360903486,1.2009813184475877,0.3509131448899333,0.39416316,1.6507173494410912,0.03670123952859491,17.677568,17.768085,17.142056
MG1654+1346,4449460499458597760,253.6747784196742,0.8511675075897286,13.773165498453523,0.8541963834961361,0.11059227624823557,0.9615122900732908,0.1150191,-1.1699825884745456,1.9581437932585273,2.8200519513682525,1.8939066080099565,-0.013113501,1.4561412633366537,0.20536973292025154,20.596237,20.4488,19.741346
PKS1830-211,4091646327353504384,278.41641560717136,3.1213181940035177,-21.060935642680274,2.8256640459347455,,,,,,,,,,,20.658068,20.955978,19.175556
PKS1830-211,4091646396130791296,278.41597583152145,0.4472540771156084,-21.060061758093827,0.41761676106256157,-0.571073409705052,0.593851651945449,-0.9616432,-0.24938667254705027,0.9153828472604816,-6.652023812121744,1.0040349242608504,0.34924498,1.487065138499969,0.11593400108595538,19.604536,20.216146,18.886599
PMNJ1838-3427,6733997966932349056,279.6193198830439,0.27800082617180266,-34.46244339758107,0.27636808786598094,0.3029150279494456,0.2829607798118971,1.0705194,-0.9185215403194509,0.4628363202548704,-0.4147229682912606,0.41435557102137005,0.49268463,1.5859054704634319,0.05299933686634375,18.638529,19.0289,18.025011
PMNJ1838-3427,6733997962623251840,279.6187367219581,0.4386075233470987,-34.46159961024749,0.4329228784982713,0.10743205907349201,0.4588566910961641,0.23412988,0.039652731477793246,0.779587877550746,-0.6292037591126914,0.6805290537368728,0.2441134,1.5352679781413925,0.09001665864751017,19.403618,19.80865,18.62162
WFI2026-4536,6675746940384195456,306.5434856260628,0.32277382668820376,-45.60718787580912,0.26041853197629644,-5.8287470626286595,0.5173745858197534,-11.266009,4.118325281273154,0.6460915082604175,0.2155082651287898,0.5499593869977302,0.031877667,1.817279392396734,0.07275141990076293,18.62263,,
WFI2026-4536,6675746940384195200,306.5436356175819,3.072576646383134,-45.607525040820576,1.6542679881867308,,,,,,,,,,,17.198206,16.802513,16.213198
WFI2033-4723,6674418764698005376,308.4256427305959,0.18504432038820742,-47.39534323862368,0.24752649779463382,0.25323694826445897,0.3046159826602657,0.8313318,-0.5624617380079463,0.34733378529276865,0.5608456195838434,0.4618344168662084,0.058883764,1.6568888021344843,0.0569793536919841,18.819607,,
WFI2033-4723,6674418764698005248,308.4253839411986,0.27483354313156255,-47.39580256979166,0.2725528724373516,1.190321939295791,0.44870342856772394,2.6528034,0.737484910012038,0.5447742581352105,-1.5897449093391214,0.5593475944518101,9.2455535E-4,1.5972487036727534,0.07619742583009202,19.244682,,
WFI2033-4723,6674418764698004992,308.42625134682487,0.18898244614519707,-47.39572539107464,0.1672142765263894,0.0637636414063216,0.2686211596187438,0.23737386,0.05888306026931592,0.35916302550170043,-0.27496867916631434,0.3387471874300577,0.20020765,1.6822666575174328,0.051609265206969346,18.826168,18.79332,18.18172
WFI2033-4723,6674418764699092736,308.42535000446105,0.27478621287512367,-47.395374997366886,0.29334454272318183,-0.5350749107572114,0.4041397119070407,-1.323985,-0.2778456452995084,0.5347213707042431,2.9310693861128954,0.5771067424129743,0.07375185,1.6541319751539156,0.07927932878670692,18.06768,17.733286,17.08621
B2108+213,1790150482167182464,317.72509278055986,3.7211932733806146,21.516841838804954,12.704123173013558,,,,,,,,,,,20.980927,21.432955,19.575418
HE2149-2745,6810217624778074752,328.03128811895215,0.2548601361985172,-27.5301740538523,0.23091040210839567,0.1560403077259417,0.29540006673466107,0.5282338,1.2074761171494415,0.4531960790283513,0.07378907949062494,0.3902440497451664,0.43090302,1.642922466606618,0.0536617708310794,18.373522,,
HE2149-2745,6810217556059370240,328.0310094287268,0.08968418063356783,-27.530575375099286,0.08347059148335685,0.09662290580253426,0.11142045681087034,0.8671918,-0.22870566040251034,0.16289891968937378,-0.1785746000313686,0.14069262143532954,0.5310975,1.6834375236171812,0.019257858198376693,17.003477,17.112314,16.515148
Q2237+030,2704542589921820288,340.1259534896838,0.36268189590737554,3.358341949083652,0.27989473091055683,-0.33958367863078787,0.4227135016735641,-0.8033424,-1.337715702419272,0.6750904566224931,-0.08170456241961496,0.5333127717252282,-0.0067211324,1.3935760382298619,0.09399217280420208,16.735619,16.275501,15.197827
Q2237+030,2704542594213521664,340.12576696218036,0.5139526357184229,3.358811243140674,0.45275388004149386,-3.3591517950541885,0.739172355329964,-4.544477,0.5581187800883254,0.932827400317748,1.995577357172927,0.8458462493041536,0.10841962,1.3592552805854694,0.13948127219333495,17.667234,,
PSS2322+1944,2825128744556091264,350.5298429514142,0.23478359271245453,19.739711760887033,0.20107857084750744,1.391150470347089,0.3487797298883448,3.988622,0.971274984607195,0.5378693860765691,-0.8686445667231337,0.42884757736843776,0.20356171,1.5077258429080254,0.0494417138203996,19.308958,19.853899,18.267513
