,dist,solution_id,source_id,random_index,ref_epoch,ra,ra_error,dec,dec_error,parallax,parallax_error,pmra,pmra_error,pmdec,pmdec_error,ra_dec_corr,ra_parallax_corr,ra_pmra_corr,ra_pmdec_corr,dec_parallax_corr,dec_pmra_corr,dec_pmdec_corr,parallax_pmra_corr,parallax_pmdec_corr,pmra_pmdec_corr,astrometric_n_obs_al,astrometric_n_obs_ac,astrometric_n_good_obs_al,astrometric_n_good_obs_ac,astrometric_n_bad_obs_al,astrometric_n_bad_obs_ac,astrometric_delta_q,astrometric_excess_noise,astrometric_excess_noise_sig,astrometric_primary_flag,astrometric_relegation_factor,astrometric_weight_al,astrometric_weight_ac,astrometric_priors_used,matched_observations,duplicated_source,scan_direction_strength_k1,scan_direction_strength_k2,scan_direction_strength_k3,scan_direction_strength_k4,scan_direction_mean_k1,scan_direction_mean_k2,scan_direction_mean_k3,scan_direction_mean_k4,phot_g_n_obs,phot_g_mean_flux,phot_g_mean_flux_error,phot_g_mean_mag,phot_variable_flag,l,b,ecl_lon,ecl_lat
0,0.00010850881145650506,1.6353784107819336e+18,2.369490541890566e+18,434058497.0,2015.0,12.615931155053827,0.5135143464136623,-17.669214087025235,0.24958004302779596,,,,,,,0.9367,,,,,,,,,,99.0,0.0,99.0,0.0,0.0,0.0,,0.3604699132137771,3.289392531725746,False,1.223582,2.503289,,2.0,15.0,False,0.43524364,0.7017255,0.33067995,0.466965,148.47345,-23.226398,37.1074,-27.812529,99.0,3918.05952900934,12.64442250267681,16.54209248844319,b'NOT_AVAILABLE',121.52012841587572,-80.53829350654142,4.317828049113125,-21.177413628150507
0,0.00039516317560205473,1.6353784107819336e+18,2.4643536563559936e+18,74611850.0,2015.0,26.31914928168252,1.133786571828354,-9.754795899078731,0.15451650606612885,,,,,,,-0.59045,,,,,,,,,,98.0,0.0,96.0,0.0,2.0,0.0,,0.5695459341100231,5.781674569332147,False,1.5085353,1.4706668,,2.0,14.0,False,0.5570765,0.6999175,0.80508935,0.72120917,-150.07819,9.464449,-47.272835,19.25561,96.0,3205.8314502136705,13.089530300217918,16.759918350958653,b'NOT_AVAILABLE',161.63942006830993,-68.47971996824693,20.683338192974443,-19.22409427247603
1,0.001013141758846798,1.6353784107819336e+18,2.464353656357088e+18,92192270.0,2015.0,26.31975301628637,3.763802240009866,-9.754966594082509,0.5285089551684685,,,,,,,-0.50195,,,,,,,,,,94.0,0.0,94.0,0.0,0.0,0.0,,1.7979918345400645,4.903627491414953,False,1.5982484,0.12164555,,2.0,15.0,False,0.549083,0.69352955,0.8013094,0.72045064,-149.29176,9.47322,-47.17913,19.529465,93.0,462.18027710803904,4.537370435473354,18.862741542256636,b'NOT_AVAILABLE',161.64102145931358,-68.4795248253662,20.68385342712127,-19.224477003679844
0,0.00015161572842678137,1.6353784107819336e+18,4.956574748449687e+18,1105639835.0,2015.0,29.672640145293546,0.155572028246558,-43.41768354615732,0.15807724157450448,,,,,,,-0.33515,,,,,,,,,,248.0,0.0,245.0,0.0,3.0,0.0,,0.9210582587247645,10.874059253162692,False,3.6840277,0.55471337,,2.0,33.0,False,0.2956223,0.17653465,0.2118671,0.5447931,-176.68456,40.500137,19.82853,-33.37382,245.0,1589.3632685738091,5.102681659313137,17.521712134059896,b'NOT_AVAILABLE',267.4407753954107,-68.78405383419893,5.116882401443258,-50.68093993843297
1,0.00034272206854126956,1.6353784107819336e+18,4.956574748449687e+18,1051215639.0,2015.0,29.672198633340397,0.35465742034276415,-43.41779422077492,0.4001681761163844,,,,,,,-0.4516,,,,,,,,,,205.0,0.0,202.0,0.0,3.0,0.0,,1.6981912378180068,5.029171832143819,False,6.613406,0.11267003,,2.0,35.0,False,0.20549534,0.4141758,0.16868679,0.4953082,-140.64073,51.478947,1.9278079,-35.723473,203.0,444.78281937655316,3.638067775173083,18.90440005532181,b'NOT_AVAILABLE',267.44161579343825,-68.78420417832173,5.116362928510596,-50.68085777636507
0,3.888465494044555e-05,1.6353784107819336e+18,3.2806905397656154e+17,504938684.0,2015.0,35.27289494994218,7.936643625962217,35.93718330761331,2.656442615681227,,,,,,,-0.7564,,,,,,,,,,51.0,0.0,51.0,0.0,0.0,0.0,,3.497042915418825,1.8156679948449908,False,13.499323,0.02464472,,2.0,20.0,False,0.59934443,0.630406,0.64896667,0.93278193,-146.80199,19.150743,-48.93208,19.765524,154.0,192.44128911353627,1.6691587175344489,19.814024420178843,b'NOT_AVAILABLE',142.6017569836684,-23.486755676598236,45.06117946635439,20.639398931417038
0,0.0003952512928246584,1.6353784107819336e+18,5.126705515510052e+18,673386279.0,2015.0,38.138324924282735,0.6846715943021002,-21.29067692430239,0.7537731739973127,,,,,,,-0.61345,,,,,,,,,,230.0,0.0,228.0,0.0,2.0,0.0,,0.9977342225653366,1.8586841715338105,False,3.9689264,0.1493718,,2.0,29.0,False,0.5753651,0.45763078,0.6920561,0.81798357,126.78304,-70.185005,-14.846443,23.79097,223.0,435.24842578728584,2.1036460307974303,18.927927041266205,b'NOT_AVAILABLE',204.212254781414,-66.26342102377612,27.6232487107588,-34.19587458329201
0,1.518699361311616e-05,1.6353784107819336e+18,5.174409201870689e+18,408051076.0,2015.0,41.64211534458643,0.43334624734086036,-8.42672158103743,0.2754925356818091,,,,,,,-0.57965,,,,,,,,,,68.0,0.0,67.0,0.0,1.0,0.0,,0.8069572365783361,9.73186314607962,False,3.2634542,0.9735334,,2.0,11.0,False,0.3348346,0.5264804,0.36200494,0.87196594,-103.26844,19.589682,-41.407387,27.181631,77.0,3205.27282441147,53.77413299032432,16.760107560253626,b'NOT_AVAILABLE',183.84925688642696,-56.97502913277017,36.38769861455362,-23.322839370610335
0,0.00021235902443744595,1.6353784107819336e+18,3.1780207166380595e+18,982484274.0,2015.0,69.56230478903514,0.4124587357412234,-12.28731437854094,0.6322230028577045,,,,,,,-0.8096,,,,,,,,,,98.0,0.0,98.0,0.0,0.0,0.0,,0.2278260733594525,0.1391085702045895,False,1.3301127,0.38444337,,2.0,29.0,False,0.6533086,0.54846144,0.39643332,0.7544564,-126.136826,44.445953,-25.452023,42.039257,114.0,607.8516468177563,4.948001490057766,18.565276069729823,b'NOT_AVAILABLE',209.06584262140746,-35.06004986550326,65.6923653784197,-34.017951700665904
1,0.0004954237753001012,1.6353784107819336e+18,3.178020716638059e+18,878015144.0,2015.0,69.56160360569265,0.38622028771145184,-12.287481616550917,0.34742452438633903,,,,,,,-0.3027,,,,,,,,,,115.0,0.0,115.0,0.0,0.0,0.0,,1.1238938051270515,2.9994024671824975,False,4.440609,0.19156852,,2.0,31.0,False,0.5024658,0.39520338,0.57353985,0.6374058,-107.592155,30.859983,-22.978123,-41.5477,140.0,495.26870540375927,6.198033722186733,18.787667846245803,b'NOT_AVAILABLE',209.06567903823682,-35.06074227425495,65.69151667503546,-34.018001760536436
0,0.00043537315983595157,1.6353784107819336e+18,4.826116108972089e+18,260237318.0,2015.0,78.54543628488287,1.508368698296043,-33.43952176261534,1.72595595430786,,,,,,,-0.4675,,,,,,,,,,125.0,0.0,124.0,0.0,1.0,0.0,,8.847374610491764,789.4995959715224,False,15.325909,0.012016785,,2.0,17.0,False,0.2668013,0.1508832,0.3706455,0.4535762,-120.908844,50.27407,-12.547309,-23.386963,150.0,1225.0622940550613,14.940641420238459,17.804374631320766,b'NOT_AVAILABLE',236.6287952302775,-33.8524890809916,72.67260830417077,-56.19185497898835
0,0.00015777651505700417,1.6353784107819336e+18,9.259072329005215e+17,841913025.0,2015.0,116.72082329299346,0.652216944780859,44.064364764395165,0.3730217133103621,,,,,,,0.3658,,,,,,,,,,122.0,0.0,122.0,0.0,0.0,0.0,,0.0,0.0,False,1.0,0.11716773,,2.0,17.0,False,0.36847,0.27595,0.28237247,0.59990245,172.30975,-0.6263968,19.984232,-24.534119,120.0,264.9077467660499,2.799041818548442,19.467033417167347,b'NOT_AVAILABLE',175.16679600778275,28.055741379008253,110.47084086032427,22.50570358934252
1,0.00016329504033357208,1.6353784107819336e+18,9.259072329005216e+17,870063905.0,2015.0,116.72118930919886,0.6153595264417243,44.064220169119075,0.3859306737593071,,,,,,,0.2566,,,,,,,,,,138.0,0.0,137.0,0.0,1.0,0.0,,1.4742807371817757,3.0162997747768743,False,5.762824,0.09754387,,2.0,17.0,False,0.39415893,0.239125,0.28581926,0.6111134,-175.6992,8.600818,16.04487,-24.992393,135.0,283.3714431364145,3.0267732155182547,19.39387985902283,b'NOT_AVAILABLE',175.1670170103359,28.05596950515536,110.47115046165902,22.505612648474646
0,3.570036109018504e-05,1.6353784107819336e+18,6.705205403815148e+17,123731127.0,2015.0,121.59877695158788,0.712037455073089,20.108884923238573,0.6580672697144994,,,,,,,-0.7185,,,,,,,,,,113.0,0.0,112.0,0.0,1.0,0.0,,0.0,9.71434029430417e-16,False,1.0,0.16811615,,2.0,17.0,False,0.1505093,0.59488416,0.3548728,0.2557497,-15.333172,25.845097,7.1385317,-30.80163,110.0,358.66686876141694,1.9328596197960706,19.138041910543716,b'NOT_AVAILABLE',202.20740275866245,25.167128225694842,119.47404088943453,-0.15547231311699677
0,0.00011026310856447276,1.6353784107819336e+18,6.82614034415644e+17,1117658119.0,2015.0,123.38030270972483,0.9545696544973505,25.750860488569522,0.6127777020219483,,,,,,,-0.39395,,,,,,,,,,116.0,0.0,114.0,0.0,2.0,0.0,,4.238813223192125,909.1168655669399,False,16.348368,0.054019563,,2.0,14.0,False,0.31982642,0.55350375,0.23269904,0.3955753,-150.89363,25.805803,-27.5888,-43.358166,113.0,6831.758982812524,48.13093792539859,15.938438722580537,b'NOT_AVAILABLE',196.8809567665648,28.62709268492897,119.86931007788141,5.706681699595021
1,0.00013993472486474094,1.6353784107819336e+18,6.826140344156443e+17,930416561.0,2015.0,123.38054227255338,1.4695822917829415,25.750793666995893,0.9669031312153239,,,,,,,-0.1534,,,,,,,,,,54.0,0.0,48.0,0.0,6.0,0.0,,4.689524198404595,135.1392158458614,False,18.08049,0.042122245,,2.0,13.0,False,0.21758203,0.24840565,0.20465073,0.8440999,-178.99167,-3.1005156,40.7198,-31.54895,16.0,2587.9352809561124,347.7718579523058,16.992386535582927,b'NOT_AVAILABLE',196.88110611697826,28.6272766343559,119.86953638507808,5.70666397242439
0,0.0007062926354550471,1.6353784107819336e+18,6.495148131188339e+17,64632725.0,2015.0,125.41226007551575,3.9547960094954773,12.29166501354761,1.1037838954447636,,,,,,,-0.96665,,,,,,,,,,87.0,0.0,87.0,0.0,0.0,0.0,,0.7417209325683137,1.57314094597003,False,1.4068028,0.28601548,,2.0,12.0,False,0.05275009,0.30781922,0.14581037,0.7802827,-87.6031,30.697277,59.276936,-34.055748,103.0,649.960775276815,6.102444239808498,18.492552193752058,b'NOT_AVAILABLE',211.75160272768838,25.505000330456202,124.77771074044742,-6.975042930285136
0,0.0003464588938516684,1.6353784107819336e+18,1.0287428675272151e+18,378240204.0,2015.0,127.92379001576099,4.99201658141494,52.7548915322353,2.887315710370354,,,,,,,0.50505,,,,,,,,,,69.0,0.0,69.0,0.0,0.0,0.0,,11.286388597466102,4915.8311085856085,False,43.45964,0.007669671,,2.0,8.0,True,0.4353537,0.06434728,0.34822118,0.39049265,-90.65152,-4.1219935,0.6806696,-23.349415,68.0,8446.804384706656,132.42187543641498,15.708038972111337,b'NOT_AVAILABLE',165.7547100347084,36.24051446971503,116.23868990272511,32.71485270871386
0,0.000711284663621046,1.6353784107819336e+18,1.0162182274933628e+18,1094438217.0,2015.0,135.8965221268216,0.736804130678641,50.47228720768919,0.7483969978407515,,,,,,,-0.1584,,,,,,,,,,94.0,0.0,92.0,0.0,2.0,0.0,,0.0,0.0,False,1.0,0.06640673,,2.0,20.0,False,0.112198874,0.45388135,0.5795356,0.5673855,-124.05271,69.744415,17.121746,-17.810884,126.0,181.6387291062291,1.8541725744875448,19.876748927444098,b'NOT_AVAILABLE',168.21812025870884,41.33932647290277,122.65201978107793,32.10531585057868
0,0.0008256514204459048,1.6353784107819336e+18,5.805370885861987e+17,576976563.0,2015.0,137.86423200625768,6.263339466109143,5.848517353757841,9.211621041099756,,,,,,,-0.87365,,,,,,,,,,34.0,0.0,34.0,0.0,0.0,0.0,,0.6721069420973687,0.16477336832589545,False,1.036002,0.07974558,,2.0,7.0,False,0.5274869,0.112207144,0.4234206,0.9659638,159.28714,17.599318,36.190872,-26.80219,52.0,185.1608576698982,2.499825457435706,19.85589710439368,b'NOT_AVAILABLE',224.68429263757824,33.66549913925149,138.49134868751315,-9.90325487443995
1,0.0008392934558634994,1.6353784107819336e+18,5.805370928791668e+17,1072943905.0,2015.0,137.86513688698116,10.764902334530023,5.848410814938835,16.027377969683076,,,,,,,-0.8953,,,,,,,,,,34.0,0.0,34.0,0.0,0.0,0.0,,1.022557789443863,1.3965719013105704,False,4.0614758,0.22745799,,2.0,8.0,False,0.5274869,0.11220716,0.4234206,0.9659638,159.28723,17.59941,36.190968,-26.802097,52.0,517.051546968566,9.953201502567328,18.740935459258168,b'NOT_AVAILABLE',224.68492662667367,33.66623618299454,138.4922529296779,-9.90308697926123
0,0.00012797249794940864,1.6353784107819336e+18,1.0226636376695862e+18,421748501.0,2015.0,138.25417867568146,0.3252234733300549,52.99138041689827,1.0562267640849963,,,,,,,-0.6406,,,,,,,,,,107.0,0.0,105.0,0.0,2.0,0.0,,1.7870520014221898,131.50777117817876,False,6.951744,0.27631468,,2.0,15.0,False,0.42510578,0.63538086,0.48564094,0.6594903,-71.56287,75.24248,18.268549,-10.483453,133.0,5105.293779689286,45.31939580173547,16.25471821824015,b'NOT_AVAILABLE',164.581068848348,42.40856954916617,123.2364723554642,34.975618096742465
1,0.00017633273676384825,1.6353784107819336e+18,1.022663637669586e+18,766964354.0,2015.0,138.2546320482183,0.12695682454147758,52.991248174138256,0.2718612184566512,,,,,,,-0.3527,,,,,,,,,,99.0,0.0,96.0,0.0,3.0,0.0,,0.5683592325886639,4.666330748282321,False,2.405652,1.3051388,,2.0,17.0,False,0.43521705,0.6887344,0.43185434,0.8222418,-100.953964,84.249626,18.801933,-14.54718,110.0,3286.5857194290925,44.35484005940187,16.732907654187926,b'NOT_AVAILABLE',164.58117617152993,42.40886226730493,123.23684124871293,34.97559367790127
0,0.0001242482010988212,1.6353784107819336e+18,8.188024265551489e+17,986734763.0,2015.0,140.30346065590373,0.302684831782563,45.484439924523194,0.42325945957648387,,,,,,,-0.52395,,,,,,,,,,136.0,0.0,136.0,0.0,0.0,0.0,,0.0,0.0,False,1.0,0.38272667,,2.0,19.0,False,0.30834943,0.4900501,0.48236156,0.6732121,-88.83251,60.216194,5.2822137,-24.84321,118.0,609.4261167978258,3.4539731286313824,18.562467409184045,b'NOT_AVAILABLE',174.5913808702681,44.790011354756516,127.83857112423021,28.430451380685138
0,0.0002729211095499639,1.6353784107819336e+18,3.8447480707520404e+18,302680729.0,2015.0,141.23256093757217,4.47650755054604,2.323713617580956,1.9523301582649482,,,,,,,-0.9845,,,,,,,,,,53.0,0.0,52.0,0.0,1.0,0.0,,0.0,-7.32868874037815e-16,False,1.0,0.3591174,,2.0,11.0,False,0.3170479,0.10424084,0.12462277,0.9554198,-165.74963,15.672005,11.108892,-28.155254,68.0,710.3452520355623,10.6969272703378,18.396096358909855,b'NOT_AVAILABLE',230.4160470674248,34.78650023633853,142.85541003671372,-12.220110338146444
0,1.3497657054212372e-05,1.6353784107819336e+18,6.468843732783732e+17,1061261157.0,2015.0,147.84403941058454,5.292697926344944,26.587232935539962,4.228954492266881,,,,,,,-0.9976,,,,,,,,,,34.0,0.0,34.0,0.0,0.0,0.0,,0.0,0.0,False,1.0,1.3369668,,2.0,5.0,False,0.038362093,0.10153657,0.13229977,0.9610708,9.503891,0.8521111,21.644115,-25.525131,34.0,1444.5456347358313,8.304451132708358,17.6254418982846,b'NOT_AVAILABLE',203.0602730979563,50.058222572769346,140.9255611408087,12.78588609708216
0,0.00014099293891328034,1.6353784107819336e+18,1.0451659978305811e+18,596761542.0,2015.0,150.33682306486637,0.2671644853819946,55.897095118404664,0.18565144918942508,,,,,,,-0.423,,,,,,,,,,115.0,0.0,115.0,0.0,0.0,0.0,,0.4670213138022281,5.471541697055451,False,1.3282014,1.9072129,,2.0,15.0,True,0.6176121,0.4896658,0.7111193,0.27421963,-71.541245,-83.35221,35.69188,4.0427485,115.0,3259.9277088404965,19.218909826704447,16.74175014035763,b'NOT_AVAILABLE',157.5715288493699,48.18802873528059,129.83877569716446,40.49102305673853
0,2.045093926959334e-06,1.6353784107819336e+18,8.270311372169413e+17,825229605.0,2015.0,150.3692071773124,0.14857245754849124,50.46580053402572,0.4965612077896511,,,,,,,-0.4631,,,,,,,,,,165.0,0.0,163.0,0.0,2.0,0.0,,0.3624354577257555,1.9084278006216746,False,1.1063282,1.1315365,,2.0,21.0,False,0.4870787,0.58105844,0.23861875,0.2722847,-102.42243,67.55896,5.4511876,-16.859335,159.0,1552.6908792297104,3.1290957662552565,17.547057559109547,b'NOT_AVAILABLE',165.24096297989482,50.301512839405156,132.89497158525688,35.620845741638085
1,0.0008146029975294902,1.6353784107819336e+18,8.270318931327267e+17,22161349.0,2015.0,150.3681211674954,0.20342440026271946,50.46622826476763,0.7873224735625711,,,,,,,-0.4771,,,,,,,,,,154.0,0.0,150.0,0.0,4.0,0.0,,0.6548597025342843,6.633374073795283,False,1.2004431,0.59267664,,2.0,20.0,False,0.47822368,0.558989,0.21711253,0.24909982,-103.980774,67.25508,0.1407812,-17.335358,150.0,1145.3179870974782,4.392032114318789,17.877454860537522,b'NOT_AVAILABLE',165.24069854028963,50.300717668838644,132.89397813177948,35.62093881754562
0,4.231126786266946e-05,1.6353784107819336e+18,8.068531747032462e+17,908965063.0,2015.0,151.1455173331811,7.081746269349951,41.21187876348608,11.389234093582486,,,,,,,-0.99895,,,,,,,,,,162.0,0.0,160.0,0.0,2.0,0.0,,0.0,0.0,False,1.0,0.17801233,,2.0,21.0,False,0.38374144,0.5338896,0.35312852,0.9261486,26.835903,59.15448,-43.882103,-28.92607,168.0,349.1876675482323,3.5665725694337285,19.167122821118742,b'NOT_AVAILABLE',179.51319216363646,53.14944819060505,137.90907889062382,27.391638209650647
1,0.001040173412349468,1.6353784107819336e+18,8.068531747052485e+17,850875528.0,2015.0,151.14503395284535,7.739675055962451,41.21089481596597,12.463932670301876,,,,,,,-0.9989,,,,,,,,,,125.0,0.0,123.0,0.0,2.0,0.0,,0.6278422072860478,0.5970177569359367,False,1.3548096,0.17269658,,2.0,15.0,True,0.29394138,0.6899547,0.31830513,0.9293222,37.69347,61.129,-43.244385,-28.244198,123.0,390.925409554958,3.681079811338098,19.044535314270142,b'NOT_AVAILABLE',179.51490795513652,53.14924443383435,137.90913701509717,27.390590486942717
0,0.0008263532199301411,1.6353784107819336e+18,3.828696197422634e+18,867377654.0,2015.0,153.06628308257174,1.9493723515760768,-3.1173511461874845,8.762660031735493,,,,,,,-0.7802,,,,,,,,,,52.0,0.0,52.0,0.0,0.0,0.0,,0.0,0.0,False,1.0,0.70549905,,2.0,9.0,False,0.5165971,0.3401067,0.25080198,0.87526596,-167.13655,51.39448,13.305359,-29.309523,51.0,987.0944772069789,4.969962693503202,18.03887325874697,b'NOT_AVAILABLE',244.86116619170625,41.14919132128865,156.16201789575396,-13.285527240287875
0,0.0008018380135482535,1.6353784107819336e+18,5.668105247185419e+18,224247316.0,2015.0,154.34990253137167,7.822483511210486,-20.782922739699483,3.4599973147992666,,,,,,,-0.9971,,,,,,,,,,44.0,0.0,43.0,0.0,1.0,0.0,,0.430163206097051,2.327949107920109,False,1.9344761,1.7549576,,2.0,8.0,False,0.41446286,0.49398148,0.4158173,0.63774,-99.20982,51.91027,-20.485283,-34.286636,44.0,2830.2073186218995,15.613304924100241,16.89522443966259,b'NOT_AVAILABLE',261.05779270449125,29.29513373156368,164.72493684562434,-29.11288961921765
0,8.805441882698517e-05,1.6353784107819336e+18,8.468394576669327e+17,448974784.0,2015.0,155.2959995938537,0.4014947118453728,49.22503619233535,0.6979334871337767,,,,,,,-0.1629,,,,,,,,,,108.0,0.0,105.0,0.0,3.0,0.0,,1.4156995238890715,8.445635364999648,False,1.3569105,0.12391387,,2.0,35.0,False,0.13580593,0.34797484,0.264525,0.5457419,-74.77606,-85.221664,37.44852,-15.856739,102.0,374.3610870483761,4.996135677124879,19.091543314626577,b'NOT_AVAILABLE',165.209015657712,53.71136319740411,137.08413001866404,35.88920334683361
0,0.00029940144033070135,1.6353784107819336e+18,3.8627375584508887e+18,1060591777.0,2015.0,158.39176829952368,25.70245878108597,7.1905969545847395,36.73826256970163,,,,,,,-0.9962,,,,,,,,,,43.0,0.0,41.0,0.0,2.0,0.0,,3.256240654633004,3.7763618263944587,False,1.413868,0.04108757,,2.0,6.0,False,0.31164783,0.3456362,0.6390507,0.8387043,-51.595196,43.31855,-16.602243,-26.31459,26.0,209.76118781747553,4.460931956975838,19.72045722974522,b'NOT_AVAILABLE',237.9109144923645,51.72543237032118,157.34497500780444,-1.7472668013621084
0,0.0002864380361799556,1.6353784107819336e+18,3.5529508788835123e+18,21937411.0,2015.0,166.63910296033134,1.129297916124431,-18.35661906238055,0.34067097349574516,,,,,,,-0.944,,,,,,,,,,97.0,0.0,94.0,0.0,3.0,0.0,,0.37866473735946454,2.9575614438445967,False,1.1529964,1.7876437,,2.0,22.0,True,0.46262205,0.65578943,0.4606115,0.26527017,31.520014,13.611434,25.54882,33.924957,112.0,2652.718632315891,19.273082077788185,16.965542094287006,b'NOT_AVAILABLE',270.83359528654535,37.89228755449582,175.29783236557216,-22.09760501592462
1,0.0006007001209224885,1.6353784107819336e+18,3.552950878881102e+18,587104195.0,2015.0,166.6399516165326,1.599035511601133,-18.356989654042906,0.4934921520174553,,,,,,,-0.94385,,,,,,,,,,121.0,0.0,119.0,0.0,2.0,0.0,,0.490991225453567,1.870437847269177,False,1.0751599,0.5075628,,2.0,32.0,False,0.44950435,0.6781974,0.38977024,0.37035578,32.640556,19.913824,27.755697,34.09766,110.0,855.4417079445645,4.202372438763744,18.19429401155727,b'NOT_AVAILABLE',270.8347142097143,37.89236757923481,175.2987892924776,-22.09760529113171
0,0.0002336014223164385,1.6353784107819336e+18,3.817878828361981e+18,474131314.0,2015.0,169.57062583159518,7.258850703345949,7.766124051523189,6.639487464620492,,,,,,,-0.99825,,,,,,,,,,46.0,0.0,46.0,0.0,0.0,0.0,,0.3475164622220614,1.3112422405813025,False,1.6702429,1.6705178,,2.0,9.0,False,0.16411024,0.6456942,0.53871775,0.03319391,125.99646,14.739214,28.782568,39.0114,44.0,2382.2470753362077,31.679716778670898,17.082303057738507,b'NOT_AVAILABLE',249.88792332775708,60.64438487485046,167.372204822645,3.0170300236542906
1,0.00028297263412728284,1.6353784107819336e+18,3.8178788283619804e+18,950183795.0,2015.0,169.57066748398447,7.303268202768327,7.76625053820702,6.8384121954334125,,,,,,,-0.9933,,,,,,,,,,57.0,0.0,55.0,0.0,2.0,0.0,,1.2955476447880507,11.354544574715263,False,5.086612,0.42141223,,2.0,11.0,False,0.5554843,0.8129143,0.55224574,0.47835296,26.21445,31.506098,21.304567,28.227968,56.0,2133.194453855988,31.414659215714092,17.20219394914167,b'NOT_AVAILABLE',249.8877967481474,60.64450256753,167.37219322733512,3.017162568151369
2,0.0008814839442006935,1.6353784107819336e+18,3.8178788283619804e+18,757561898.0,2015.0,169.5702541622762,7.251628894936269,7.766688525279362,6.687096023327271,,,,,,,-0.99655,,,,,,,,,,78.0,0.0,78.0,0.0,0.0,0.0,,0.5759583286379042,0.7226662755452807,False,2.4322886,0.3169572,,2.0,11.0,False,0.20434026,0.64024574,0.42628416,0.1498512,59.0426,26.42507,26.185505,36.998127,76.0,615.4310413540985,5.714245663401507,18.55182156988901,b'NOT_AVAILABLE',249.88657379997204,60.64451357365808,167.3716440878384,3.01740511526529
0,0.0005260302500494903,1.6353784107819336e+18,3.5860985087602135e+18,51323194.0,2015.0,172.9649270891274,1.4808063193066094,-12.53302332475841,0.5173480343976251,,,,,,,-0.9519,,,,,,,,,,113.0,0.0,112.0,0.0,1.0,0.0,,0.7215297350357306,3.2750702582514415,False,2.896604,0.57609737,,2.0,21.0,False,0.502522,0.7652641,0.39629307,0.46139416,34.095894,24.773487,34.016773,30.824724,110.0,1319.9846250696753,19.460679667431307,17.72334788220146,b'NOT_AVAILABLE',274.42725121159424,45.88818004843124,178.6179412401133,-14.279553512207912
1,0.0009820996060311295,1.6353784107819336e+18,3.586098513051816e+18,24483999.0,2015.0,172.96404198278955,25.18988936833382,-12.532779175221329,9.535287374930812,,,,,,,-0.888,,,,,,,,,,77.0,0.0,76.0,0.0,1.0,0.0,,5.582718440215474,11.4678483977112,False,21.514511,0.020725628,,2.0,16.0,False,0.4600003,0.847675,0.70642614,0.6324113,39.251316,18.103603,27.600458,23.82162,76.0,247.6643767244795,6.122776442672373,19.540111205072577,b'NOT_AVAILABLE',274.42598096153284,45.88802393730786,178.6170243792068,-14.279682511663507
0,0.00022310845663451253,1.6353784107819336e+18,3.800591477621812e+18,631966998.0,2015.0,174.5156246977498,4.285848139801971,3.2493459163816043,2.656181427160258,,,,,,,-0.94695,,,,,,,,,,104.0,0.0,104.0,0.0,0.0,0.0,,3.4510885923593952,6.107526936410428,False,2.4972327,0.03577463,,2.0,15.0,False,0.31568745,0.6442649,0.2340429,0.14183849,41.699123,23.236609,34.187096,31.321795,104.0,215.56514683955425,2.688530811306704,19.690823703152702,b'NOT_AVAILABLE',263.46880427435946,60.37170616216696,173.67869424891646,0.8049250482210154
0,5.0156054612174265e-05,1.6353784107819336e+18,8.632707655931914e+17,174406805.0,2015.0,178.8223810349411,2.448847540328411,63.772803164113945,2.2482122833429914,,,,,,,0.5279,,,,,,,,,,126.0,0.0,116.0,0.0,10.0,0.0,,10.626343538985745,106.48177801346213,False,13.039625,0.007990915,,2.0,22.0,False,0.10906387,0.5060636,0.2734452,0.40241486,-49.741104,-40.496937,-37.15108,-38.16501,142.0,391.3234868447496,8.148770462624128,19.043430277330835,b'NOT_AVAILABLE',133.01383887040444,52.24244242900369,140.42789664999876,55.02611378120005
1,0.0004883514145974055,1.6353784107819336e+18,8.632707655914212e+17,387619857.0,2015.0,178.82119801353267,0.3954565311695783,63.77269199167686,0.31296752434798303,,,,,,,0.3129,,,,,,,,,,142.0,0.0,138.0,0.0,4.0,0.0,,0.5988256459777563,0.9862607392428436,False,1.0795197,0.2867522,,2.0,22.0,False,0.08147603,0.45602095,0.33164635,0.38645566,-34.707912,-34.981792,-40.1299,-33.56342,165.0,581.3712747514435,3.4495856539848675,18.613636139583427,b'NOT_AVAILABLE',133.01470188168582,52.24236214336959,140.4273743581062,55.025670987098934
0,2.344289705188872e-05,1.6353784107819336e+18,3.975233506531474e+18,429942962.0,2015.0,178.82623202703388,0.34239439610266714,19.661729852571153,0.5064847040151476,,,,,,,-0.85955,,,,,,,,,,178.0,0.0,177.0,0.0,1.0,0.0,,0.3235347787250173,1.243232892818191,False,1.1775773,1.1427644,,2.0,23.0,False,0.20285702,0.6149159,0.29184657,0.3410415,176.77386,11.147043,47.34761,-5.1956525,173.0,1690.106570687785,11.51342739128384,17.454984838397472,b'NOT_AVAILABLE',240.08766810459397,75.12944265451705,170.85649344044637,17.51939986951372
0,2.1331200220661078e-05,1.6353784107819336e+18,1.537658249711964e+18,721811319.0,2015.0,181.62357199582715,0.34205998489295913,43.53821778027196,0.3235073444387651,,,,,,,0.01265,,,,,,,,,,88.0,0.0,88.0,0.0,0.0,0.0,,0.0,0.0,False,1.0,0.3310536,,2.0,11.0,False,0.2513408,0.36028507,0.3604079,0.3688909,-153.936,-30.186913,57.91386,-9.395671,88.0,615.4841705433594,4.664229027931751,18.55172784404374,b'NOT_AVAILABLE',148.99125240706823,71.24446973658254,160.60145441423975,39.80425812222933
1,0.0008398052733539198,1.6353784107819336e+18,1.5376583527915796e+18,153920873.0,2015.0,181.62358053126167,0.3859516947311482,43.53905920966882,0.3804795517422751,,,,,,,0.02125,,,,,,,,,,89.0,0.0,89.0,0.0,0.0,0.0,,0.8327986327479385,1.4248293284828608,False,1.1072725,0.2546843,,2.0,11.0,False,0.27186966,0.3599562,0.36746934,0.36567768,-158.80371,-29.554953,56.974117,-9.024447,89.0,618.3414854422429,8.827643097907266,18.54669910150633,b'NOT_AVAILABLE',148.9898248384127,71.24376450874644,160.6008944163334,39.804981283737064
0,0.0006614520228159084,1.6353784107819336e+18,3.90633045000785e+18,1113570194.0,2015.0,182.73764226655175,0.7911648474468975,9.907515255030686,0.39556441206866977,,,,,,,-0.91215,,,,,,,,,,175.0,0.0,175.0,0.0,0.0,0.0,,0.9568134558293994,8.912418273894263,False,3.8166862,0.50442153,,2.0,23.0,True,0.10761147,0.78263307,0.23679084,0.49911427,124.56784,19.191452,-56.234737,16.884857,174.0,1456.526524557231,11.838696447666536,17.616474069093613,b'NOT_AVAILABLE',272.0143271843735,70.30948259390581,178.52870348801926,10.170390280459412
0,0.0003670855438335809,1.6353784107819336e+18,3.696663890512658e+18,183412032.0,2015.0,186.53339790287424,3.0362079478320214,-0.10063651138311286,1.36014980102878,,,,,,,-0.994,,,,,,,,,,155.0,0.0,153.0,0.0,2.0,0.0,,0.6660193152174679,2.3534046359829914,False,2.7520247,0.47385,,2.0,34.0,False,0.52696556,0.7493102,0.4896178,0.41310441,34.68587,26.152739,31.930426,33.60707,153.0,908.8861232515611,5.67162138094934,18.12849638202757,b'NOT_AVAILABLE',289.31213814899104,62.100117409300886,186.03824486022015,2.501671770954103
0,5.672792418297903e-05,1.6353784107819336e+18,3.7129195170940426e+18,549145528.0,2015.0,203.094231191615,21.696087593896355,3.7944675720586805,2.0830293581423,,,,,,,-0.69945,,,,,,,,,,79.0,0.0,79.0,0.0,0.0,0.0,,7.185746314214664,116.87108570784817,False,27.680351,0.012768757,,2.0,12.0,False,0.61389273,0.8130067,0.7562984,0.6573841,-11.051697,-5.4858365,-4.6689696,-10.14623,79.0,226.40417725371972,3.256241441616431,19.637558975068682,b'NOT_AVAILABLE',327.4421964694494,64.7000033252569,199.92812610613004,12.497712105703407
1,0.0002781982530820814,1.6353784107819336e+18,3.7129195170940426e+18,777535955.0,2015.0,203.09452039202748,16.261377793228913,3.794328332631864,2.0097206424744005,,,,,,,-0.73095,,,,,,,,,,49.0,0.0,48.0,0.0,1.0,0.0,,1.0924965088191918,1.5169783431989443,False,4.3229322,0.07663833,,2.0,14.0,False,0.5931816,0.9223521,0.6277783,0.79749876,-7.338186,-12.310443,-6.2503276,-13.316874,49.0,231.30609995449205,3.3092046414825793,19.614302348735826,b'NOT_AVAILABLE',327.442703210499,64.69976719035354,199.92845358391008,12.497691163724058
0,1.728970636929349e-05,1.6353784107819336e+18,3.7115310057067976e+18,6521073.0,2015.0,203.89494979742457,11.189028497061104,1.3015367179748663,0.7481953933533588,,,,,,,-0.70485,,,,,,,,,,78.0,0.0,78.0,0.0,0.0,0.0,,0.990386985157686,4.111589811011161,False,3.9415615,0.3879996,,2.0,12.0,False,0.6740042,0.67058134,0.94879246,0.5799357,-25.131495,0.80995876,-8.283777,-12.699059,80.0,1095.8310838648083,3.212769015536448,17.92541102563912,b'NOT_AVAILABLE',327.0611840055963,62.08745024979,201.6328287195189,10.481748307855671
0,5.826716403513642e-05,1.6353784107819336e+18,3.72726649456919e+18,1048327757.0,2015.0,208.27646865174944,0.2596440947798999,11.634697325004995,0.11121560554653237,,,,,,,0.3808,,,,,,,,,,86.0,0.0,85.0,0.0,1.0,0.0,,0.3339705141136269,2.0465881791457727,False,1.6287748,2.1626532,,2.0,12.0,False,0.31831872,0.5022402,0.5435358,0.7963954,-65.760315,-11.903576,-9.497194,-23.167377,83.0,3082.6285464863195,12.439232607882476,16.80246707421884,b'NOT_AVAILABLE',348.9759736493313,68.79523835471187,201.82743783091604,21.6906714682274
0,0.0002532925629293384,1.6353784107819336e+18,6.287286424274419e+18,1117959996.0,2015.0,208.93101263749725,0.5089501173895625,-22.95645853059238,0.24588508872560041,,,,,,,0.21515,,,,,,,,,,72.0,0.0,72.0,0.0,0.0,0.0,,0.8898832229786566,9.602778778766428,False,3.5686707,0.79741347,,2.0,10.0,False,0.5818731,0.7599512,0.7247829,0.794016,-23.404682,-12.606656,-11.21668,-18.0219,71.0,2584.9026663498967,17.782460455804106,16.993659577531588,b'NOT_AVAILABLE',321.6903532578962,37.56243595461481,214.97820704293696,-10.4081871313006
0,5.107527445894516e-05,1.6353784107819336e+18,1.661333963305005e+18,748246714.0,2015.0,211.6034893652622,1.634677426550952,61.44473038846147,0.9661911105413372,,,,,,,-0.4943,,,,,,,,,,70.0,0.0,70.0,0.0,0.0,0.0,,0.0,0.0,False,1.0,0.074962825,,2.0,13.0,True,0.25873277,0.4057766,0.20894296,0.17462817,-103.4635,-5.3031664,-6.7651606,-26.662426,86.0,200.79122997511251,2.98354995967898,19.76790821368139,b'NOT_AVAILABLE',107.98347721246031,53.453464927616274,163.63289042728653,64.89298486577997
1,0.0005025042882764803,1.6353784107819336e+18,1.6613339675986324e+18,894050112.0,2015.0,211.6025302828357,27.84090428262401,61.4444215135721,9.07842332038044,,,,,,,-0.01945,,,,,,,,,,35.0,0.0,35.0,0.0,0.0,0.0,,5.649630732527133,5.771810032167675,False,21.771822,0.018840795,,2.0,10.0,False,0.24806952,0.6554922,0.55044574,0.6349786,-73.63135,-12.395816,-19.727106,-27.441977,52.0,166.87742136236673,3.4774195658910005,19.96877611311108,b'NOT_AVAILABLE',107.98390339081087,53.453956025268845,163.63282111517307,64.89243285594324
0,0.0007455575529116544,1.6353784107819336e+18,1.2254615823860337e+18,942770714.0,2015.0,213.94281531209114,10.89636682281414,11.495375642126366,5.834785499885125,,,,,,,0.8229,,,,,,,,,,39.0,0.0,39.0,0.0,0.0,0.0,,13.714263881531677,1165.3368760829603,False,52.803963,0.0049352483,,2.0,11.0,False,0.27294037,0.5892671,0.47390175,0.8518679,-68.54034,-14.947567,-13.109189,-25.142406,38.0,2094.1691771961737,61.12050550312271,17.22224065587634,b'NOT_AVAILABLE',358.7324728321018,64.77292949433186,207.4747373082867,23.609040732120846
0,0.00012786766727488307,1.6353784107819336e+18,1.2543574351588347e+18,630420602.0,2015.0,216.15882493513038,1.0293553508699267,22.933575825547752,1.927008112704065,,,,,,,0.8628,,,,,,,,,,127.0,0.0,126.0,0.0,1.0,0.0,,2.5586978716415407,311.8819000924618,False,9.900606,0.14623939,,2.0,18.0,False,0.38593435,0.31503308,0.4782476,0.6406212,16.640762,70.859344,-41.111797,-29.087536,126.0,6472.281163549165,126.37027351970977,15.997126625640558,b'NOT_AVAILABLE',26.836535740080862,68.50980938237186,204.7983535772011,35.005631388400445
0,3.841788404484593e-05,1.6353784107819336e+18,1.5993417453833633e+18,494670582.0,2015.0,230.43672995776262,0.21799087712439116,52.91349124146728,0.30170211733868957,,,,,,,-0.0759,,,,,,,,,,115.0,0.0,115.0,0.0,0.0,0.0,,0.6493919924247589,3.476569214160271,False,1.1284285,0.4683505,,2.0,17.0,False,0.36950782,0.061815746,0.24496529,0.11271322,-72.94726,65.86343,45.62229,-31.033667,129.0,803.4635931434369,3.3876191636135036,18.26235455728108,b'NOT_AVAILABLE',86.15861641276946,52.10024254628048,195.87169775377149,66.46530405376627
1,0.0007868834421867623,1.6353784107819336e+18,1.5993417496782607e+18,1072811516.0,2015.0,230.4355327823809,0.6029066407973788,52.91371171275293,0.9959833357440396,,,,,,,0.12495,,,,,,,,,,82.0,0.0,81.0,0.0,1.0,0.0,,1.020877308348535,0.6515495294511859,False,4.055206,0.08523055,,2.0,16.0,False,0.22088012,0.16772021,0.32706216,0.22762233,-86.27367,41.02635,42.404644,-22.654991,94.0,220.0924180596325,2.3072057190406614,19.668257359224317,b'NOT_AVAILABLE',86.15948396604037,52.100777122759226,195.86995003025538,66.46501640538813
2,0.0012117335711104697,1.6353784107819336e+18,1.5993417496782602e+18,26957417.0,2015.0,230.43829997240502,1.6841169482051452,52.91270261202821,1.9830972202550512,,,,,,,-0.7027,,,,,,,,,,81.0,0.0,81.0,0.0,0.0,0.0,,2.739104945245301,2.0211168989612527,False,10.591784,0.030235242,,2.0,17.0,False,0.32074198,0.34509185,0.33779824,0.31172648,-115.65223,56.605053,41.52182,-32.59101,87.0,134.0298597916625,1.9484137371855716,20.206766155650286,b'NOT_AVAILABLE',86.15676027825707,52.09977538153395,195.8747835122633,66.46529519530952
0,0.00014614720108172577,1.6353784107819336e+18,1.321201209482833e+18,600908894.0,2015.0,237.30138106221597,4.504998510587531,30.787908622219412,4.359083021873038,,,,,,,0.4458,,,,,,,,,,104.0,0.0,104.0,0.0,0.0,0.0,,18.27336756248771,347.3025971880177,False,27.473448,0.0028192913,,2.0,19.0,False,0.16972145,0.2160404,0.35417438,0.13765454,-12.31192,-53.09484,-35.878483,-26.047184,122.0,359.94299067805866,5.029263789655357,19.13418576188439,b'NOT_AVAILABLE',49.23053943810764,51.193477129140184,224.72582811642596,49.216858518079334
0,5.446169708970351e-05,1.6353784107819336e+18,1.3242662742388163e+18,450870376.0,2015.0,248.45407307657894,0.17612313298535587,31.57000331767743,0.2586814794093229,,,,,,,0.3966,,,,,,,,,,132.0,0.0,130.0,0.0,2.0,0.0,,0.8002605085506016,8.928276871454283,False,3.2389243,0.772253,,2.0,21.0,False,0.049854886,0.3110329,0.08805143,0.27757475,103.54109,-58.002583,-6.3772607,19.291597,149.0,1814.4881763816893,8.616374509819448,17.377884707380495,b'NOT_AVAILABLE',52.250412284425785,41.85000037275643,238.9063663632946,52.708503452781414
0,0.001211013270618629,1.6353784107819336e+18,1.356637374029266e+18,91137430.0,2015.0,252.68102356320827,0.251945549966774,42.86371544039607,0.3096863397015211,,,,,,,0.34065,,,,,,,,,,53.0,0.0,52.0,0.0,1.0,0.0,,0.5890659558986575,2.2370033281836905,False,2.4783728,0.9309016,,2.0,10.0,False,0.040426247,0.05260687,0.048775334,0.05037946,-114.62302,80.55152,-34.32145,12.8406315,70.0,1562.563993605772,7.828614400563251,17.540175532399047,b'NOT_AVAILABLE',67.55005211419453,39.6512601081838,239.56624943803766,64.48399055070792
0,0.0006042554483422583,1.6353784107819336e+18,4.449460499458598e+18,866301335.0,2015.0,253.67477910640318,4.193958836528201,13.773164366250702,4.878990060424643,,,,,,,0.7963,,,,,,,,,,51.0,0.0,51.0,0.0,0.0,0.0,,0.0,0.0,False,1.0,0.02960546,,2.0,12.0,False,0.51263976,0.38438413,0.2529101,0.83178735,-86.52194,-60.050076,-16.728533,-40.10928,50.0,88.74640421264832,2.109897704814492,20.654393150008378,b'NOT_AVAILABLE',32.65696490645302,32.00971402154994,250.25203595079736,36.09994509276837
0,0.0010080028731085362,1.6353784107819336e+18,6.733997966932349e+18,761052917.0,2015.0,279.61931736459684,12.485091149101525,-34.46244575184744,14.38562552056503,,,,,,,0.9992,,,,,,,,,,61.0,0.0,60.0,0.0,1.0,0.0,,0.0,0.0,False,1.0,0.3674541,,2.0,8.0,False,0.6995905,0.99721646,0.6963185,0.98889214,-46.58124,-47.480804,-46.58156,42.515793,59.0,675.0326455584678,6.755350570876269,18.45145812271458,b'NOT_AVAILABLE',0.4101123917662235,-12.506520605505553,278.0764669608154,-11.292463363694898
0,0.00010479837563508752,1.6353784107819336e+18,6.674418764698006e+18,284053047.0,2015.0,308.4253500352875,0.8587197630666916,-47.39537636332302,0.9722481522648484,,,,,,,0.31275,,,,,,,,,,114.0,0.0,113.0,0.0,1.0,0.0,,4.9376721540236215,110.12625559760892,False,19.034372,0.036232337,,2.0,15.0,False,0.39028123,0.461828,0.38059434,0.5564477,-34.745285,-58.91992,52.18589,24.276442,112.0,1038.6225799949507,12.262037822536273,17.98362566367578,b'NOT_AVAILABLE',352.4149757035243,-36.556558995187764,298.361440891364,-27.668504560544264
1,0.0007666224292559103,1.6353784107819336e+18,6.674418764698006e+18,747757842.0,2015.0,308.4262513059456,0.30814953221806524,-47.395725278571994,0.3716561981157078,,,,,,,0.38045,,,,,,,,,,106.0,0.0,106.0,0.0,0.0,0.0,,0.0,0.0,False,1.0,0.34591457,,2.0,14.0,False,0.35336274,0.48755103,0.46394095,0.6580943,-37.847614,-62.774826,50.81229,24.555779,104.0,520.8842367261027,1.6720120425863285,18.732917026884138,b'NOT_AVAILABLE',352.4145661167058,-36.557180057250555,298.3619924124719,-27.66900990942252
0,3.082130806209525e-05,1.6353784107819336e+18,6.810217620483272e+18,877313088.0,2015.0,328.0310092876568,9.96262753376564,-27.530575498530233,13.31753373324699,,,,,,,0.99955,,,,,,,,,,36.0,0.0,36.0,0.0,0.0,0.0,,0.14285528831847166,0.2125096923575649,False,1.0336831,2.2457938,,2.0,6.0,False,0.3656396,0.4870942,0.27580497,0.89712656,-15.877417,-54.676617,40.802082,30.455404,35.0,2522.482930060134,5.356546345819064,17.02019947384842,b'NOT_AVAILABLE',21.660136506760907,-50.3978536947987,320.75037091343785,-13.728510544581674
0,0.0005772865339339003,1.6353784107819336e+18,2.70454258992182e+18,871576038.0,2015.0,340.12595371225063,12.452484459171504,3.35834118400979,22.613878937759388,,,,,,,0.8775,,,,,,,,,,44.0,0.0,43.0,0.0,1.0,0.0,,1.5472642254837885,37.977121711502676,False,8.9336605,0.37401348,,2.0,5.0,False,0.55594444,0.2679939,0.12331263,0.79532945,8.908667,-29.497948,19.839462,31.097916,44.0,3790.6367920744688,47.708665500888294,16.577989629914164,b'NOT_AVAILABLE',71.79856542092938,-46.10863833276149,342.9422421527899,10.879261223593614
0,0.00015609411522906095,1.6353784107819336e+18,2.8251287445560914e+18,684879323.0,2015.0,350.52984297531486,0.7645502246207148,19.739711857514557,0.46544260041341146,,,,,,,0.87795,,,,,,,,,,254.0,0.0,253.0,0.0,1.0,0.0,,0.6810388440783053,0.821147068638854,False,1.0894693,0.13468257,,2.0,39.0,False,0.30567595,0.8193088,0.22477345,0.6349669,-31.672327,-30.344854,-38.89857,-34.95194,239.0,353.7216640182071,2.012212076155232,19.153115915325436,b'NOT_AVAILABLE',95.79091515861067,-38.379431206263135,359.52248964823724,21.80687547984341
